{

  "product":[
    {
      "id":1,
      "name":"oppo A5",
      "description":"Oppo Smart phone Andrio",
      "price":9000,
      "image":"https://m.media-amazon.com/images/I/51oDDYRMifL._SL1280_.jpg"
    },
    {
      "id":2,
      "name":"Samsung S23 ",
      "description":" Smart phone Samsung Andrio",
      "price":40000,
      "image":"https://m.media-amazon.com/images/I/61isPIHrHgL._SL1500_.jpg"
    },
    {
      "id":3,
      "name":"Motto G 54",
      "description":"Motto G Smart phone Andriod",
      "price":18000,
      "image":"https://m.media-amazon.com/images/I/81dl4dQY3BL._SL1500_.jpg"
    },
    {
      "id":4,
      "name":"Oppo A 53",
      "description":"Andriod phone Oppo A 53 4 64 Ram",
      "price":20000,
      "image":"https://m.media-amazon.com/images/I/81Xl10tx7hL._SL1500_.jpg"
    },
    {
      "id":5,
      "name":"Redim Not 10 Pro",
      "description":"Ram 8 GB 128 With dynamic power",
      "price":20000,
      "image":"https://m.media-amazon.com/images/I/718HzJbvY1L._SL1500_.jpg"
    },
    {
      "id":6,
      "name":"poco S6",
      "description":"* GB Ram 128 ROM with galss screen",
      "price":16000,
      "image":"https://m.media-amazon.com/images/I/717kT9HNtOL._SL1500_.jpg"
    },
    {
      "id":7,
      "name":"Jio basic Mobile",
      "description":"Jio Ka sasta mobile",
      "price":1500,
      "image":"https://m.media-amazon.com/images/I/71LNMVUZXML._SL1500_.jpg"
    },
    {
      "id":8,
      "name":"Nokia 3310",
      "description":"Nokia key pad mobile 3310 with 2 GB 28 ROM",
      "price":1100,
      "image":"https://m.media-amazon.com/images/I/51GSe9rxsoL._SL1080_.jpg"
    }

  ]
}