{
  "students": [
    {
      "id": "70ee",
      "empno": "12",
      "name": "ashutosh",
      "city": "goa",
      "mobile": "07470385356",
      "salary": "10"
    },
    {
      "id": "8563",
      "empno": "13",
      "name": "karam",
      "city": "ujjain",
      "mobile": "3453556",
      "salary": "677"
    },
    {
      "id": "ae37",
      "empno": "14",
      "name": "vivek",
      "city": "sehore",
      "mobile": "7488394784",
      "salary": "567848"
    },
    {
      "id": "e66f",
      "empno": "15",
      "name": "deepak",
      "city": "raisen",
      "mobile": "768932589",
      "salary": "30000"
    }
  ]
}